code,term,dmd_id
321987003,Citalopram 20mg tablets,321987003
4011911000001102,Citalopram 20mg tablets,4011911000001102
18460911000001102,Citalopram 20mg tablets,18460911000001102
7394911000001108,Citalopram 20mg tablets,7394911000001108
4247811000001102,Citalopram 20mg tablets,4247811000001102
9785811000001109,Citalopram 20mg tablets,9785811000001109
13764611000001109,Citalopram 20mg tablets,13764611000001109
10394411000001109,Citalopram 20mg tablets,10394411000001109
15989711000001100,Citalopram 20mg tablets,15989711000001100
19714611000001105,Citalopram 20mg tablets,19714611000001105
9180011000001104,Citalopram 20mg tablets,9180011000001104
4012111000001105,Citalopram 20mg tablets,4012111000001105
37053111000001101,Citalopram 20mg tablets,37053111000001101
38836211000001107,Citalopram 20mg tablets,38836211000001107
36438611000001109,Citalopram 20mg tablets,36438611000001109
19188911000001102,Citalopram 20mg tablets,19188911000001102
4817711000001107,Citalopram 20mg tablets,4817711000001107
10443511000001108,Citalopram 20mg tablets,10443511000001108
37505811000001104,Citalopram 20mg tablets,37505811000001104
9410811000001107,Citalopram 20mg tablets,9410811000001107
17859211000001107,Citalopram 20mg tablets,17859211000001107
7458011000001100,Citalopram 20mg tablets,7458011000001100
28690711000001102,Citalopram 20mg tablets,28690711000001102
4012311000001107,Citalopram 20mg tablets,4012311000001107
15079511000001107,Citalopram 20mg tablets,15079511000001107
36755911000001104,Citalopram 20mg tablets,36755911000001104
7396511000001107,Citalopram 20mg tablets,7396511000001107
13745211000001103,Citalopram 20mg tablets,13745211000001103
21853911000001102,Citalopram 20mg tablets,21853911000001102
4468611000001106,Citalopram 20mg tablets,4468611000001106
321989000,Citalopram 10mg tablets,321989000
4011011000001101,Citalopram 10mg tablets,4011011000001101
18460711000001104,Citalopram 10mg tablets,18460711000001104
7394711000001106,Citalopram 10mg tablets,7394711000001106
4247611000001101,Citalopram 10mg tablets,4247611000001101
9785611000001105,Citalopram 10mg tablets,9785611000001105
10394011000001100,Citalopram 10mg tablets,10394011000001100
15989511000001105,Citalopram 10mg tablets,15989511000001105
19714411000001107,Citalopram 10mg tablets,19714411000001107
9448211000001104,Citalopram 10mg tablets,9448211000001104
4011411000001105,Citalopram 10mg tablets,4011411000001105
37052811000001100,Citalopram 10mg tablets,37052811000001100
38836011000001102,Citalopram 10mg tablets,38836011000001102
36107611000001101,Citalopram 10mg tablets,36107611000001101
19188711000001104,Citalopram 10mg tablets,19188711000001104
4817511000001102,Citalopram 10mg tablets,4817511000001102
10443011000001100,Citalopram 10mg tablets,10443011000001100
37505611000001103,Citalopram 10mg tablets,37505611000001103
9411011000001105,Citalopram 10mg tablets,9411011000001105
17859011000001102,Citalopram 10mg tablets,17859011000001102
7457811000001107,Citalopram 10mg tablets,7457811000001107
28690311000001101,Citalopram 10mg tablets,28690311000001101
4011711000001104,Citalopram 10mg tablets,4011711000001104
15079211000001109,Citalopram 10mg tablets,15079211000001109
36513711000001107,Citalopram 10mg tablets,36513711000001107
7396211000001109,Citalopram 10mg tablets,7396211000001109
13745011000001108,Citalopram 10mg tablets,13745011000001108
21853711000001104,Citalopram 10mg tablets,21853711000001104
4468311000001101,Citalopram 10mg tablets,4468311000001101
321991008,Citalopram 40mg tablets,321991008
4012511000001101,Citalopram 40mg tablets,4012511000001101
18470111000001108,Citalopram 40mg tablets,18470111000001108
7395111000001109,Citalopram 40mg tablets,7395111000001109
4248011000001109,Citalopram 40mg tablets,4248011000001109
9786311000001105,Citalopram 40mg tablets,9786311000001105
13764811000001108,Citalopram 40mg tablets,13764811000001108
10394811000001106,Citalopram 40mg tablets,10394811000001106
15989911000001103,Citalopram 40mg tablets,15989911000001103
19714811000001109,Citalopram 40mg tablets,19714811000001109
9180211000001109,Citalopram 40mg tablets,9180211000001109
4012711000001106,Citalopram 40mg tablets,4012711000001106
38836411000001106,Citalopram 40mg tablets,38836411000001106
36438811000001108,Citalopram 40mg tablets,36438811000001108
19189311000001109,Citalopram 40mg tablets,19189311000001109
4817911000001109,Citalopram 40mg tablets,4817911000001109
10444011000001103,Citalopram 40mg tablets,10444011000001103
37506011000001101,Citalopram 40mg tablets,37506011000001101
9411411000001101,Citalopram 40mg tablets,9411411000001101
17859411000001106,Citalopram 40mg tablets,17859411000001106
7458311000001102,Citalopram 40mg tablets,7458311000001102
28692211000001105,Citalopram 40mg tablets,28692211000001105
4012911000001108,Citalopram 40mg tablets,4012911000001108
15079911000001100,Citalopram 40mg tablets,15079911000001100
36756111000001108,Citalopram 40mg tablets,36756111000001108
7396711000001102,Citalopram 40mg tablets,7396711000001102
13745411000001104,Citalopram 40mg tablets,13745411000001104
21854111000001103,Citalopram 40mg tablets,21854111000001103
4469011000001109,Citalopram 40mg tablets,4469011000001109
12021111000001103,Citalopram 20mg/5ml oral suspension,12021111000001103
11970711000001101,Citalopram 20mg/5ml oral suspension,11970711000001101
12021011000001104,Citalopram 10mg/5ml oral suspension,12021011000001104
11970211000001108,Citalopram 10mg/5ml oral suspension,11970211000001108
847211000001102,Cipramil 20mg tablets,847211000001102
62511000001109,Cipramil 10mg tablets,62511000001109
695611000001105,Cipramil 40mg tablets,695611000001105
321949006,Fluoxetine 20mg capsules,321949006
723711000001104,Fluoxetine 20mg capsules,723711000001104
18461711000001107,Fluoxetine 20mg capsules,18461711000001107
335911000001100,Fluoxetine 20mg capsules,335911000001100
453911000001108,Fluoxetine 20mg capsules,453911000001108
9799811000001108,Fluoxetine 20mg capsules,9799811000001108
10408211000001105,Fluoxetine 20mg capsules,10408211000001105
23587411000001103,Fluoxetine 20mg capsules,23587411000001103
32489611000001107,Fluoxetine 20mg capsules,32489611000001107
23909011000001106,Fluoxetine 20mg capsules,23909011000001106
11018011000001101,Fluoxetine 20mg capsules,11018011000001101
18074311000001105,Fluoxetine 20mg capsules,18074311000001105
37593011000001107,Fluoxetine 20mg capsules,37593011000001107
33555411000001101,Fluoxetine 20mg capsules,33555411000001101
848111000001109,Fluoxetine 20mg capsules,848111000001109
258111000001102,Fluoxetine 20mg capsules,258111000001102
614811000001109,Fluoxetine 20mg capsules,614811000001109
30131811000001107,Fluoxetine 20mg capsules,30131811000001107
38917611000001109,Fluoxetine 20mg capsules,38917611000001109
32938411000001107,Fluoxetine 20mg capsules,32938411000001107
19193611000001100,Fluoxetine 20mg capsules,19193611000001100
24132411000001103,Fluoxetine 20mg capsules,24132411000001103
252411000001105,Fluoxetine 20mg capsules,252411000001105
10444811000001109,Fluoxetine 20mg capsules,10444811000001109
17909511000001108,Fluoxetine 20mg capsules,17909511000001108
166911000001109,Fluoxetine 20mg capsules,166911000001109
37091511000001101,Fluoxetine 20mg capsules,37091511000001101
527811000001100,Fluoxetine 20mg capsules,527811000001100
15209011000001100,Fluoxetine 20mg capsules,15209011000001100
18282511000001107,Fluoxetine 20mg capsules,18282511000001107
756611000001101,Fluoxetine 20mg capsules,756611000001101
13751411000001100,Fluoxetine 20mg capsules,13751411000001100
22014311000001108,Fluoxetine 20mg capsules,22014311000001108
12909311000001100,Fluoxetine 20mg capsules,12909311000001100
560111000001104,Fluoxetine 20mg capsules,560111000001104
321951005,Fluoxetine 20mg/5ml oral solution,321951005
437511000001107,Fluoxetine 20mg/5ml oral solution,437511000001107
476511000001107,Fluoxetine 20mg/5ml oral solution,476511000001107
17970711000001104,Fluoxetine 20mg/5ml oral solution,17970711000001104
23980211000001107,Fluoxetine 20mg/5ml oral solution,23980211000001107
18073311000001108,Fluoxetine 20mg/5ml oral solution,18073311000001108
10307911000001105,Fluoxetine 20mg/5ml oral solution,10307911000001105
4576111000001104,Fluoxetine 20mg/5ml oral solution,4576111000001104
321711000001101,Fluoxetine 20mg/5ml oral solution,321711000001101
30810711000001106,Fluoxetine 20mg/5ml oral solution,30810711000001106
38918211000001106,Fluoxetine 20mg/5ml oral solution,38918211000001106
9480011000001103,Fluoxetine 20mg/5ml oral solution,9480011000001103
18108111000001103,Fluoxetine 20mg/5ml oral solution,18108111000001103
13621511000001108,Fluoxetine 20mg/5ml oral solution,13621511000001108
4331011000001108,Fluoxetine 20mg/5ml oral solution,4331011000001108
29866111000001106,Fluoxetine 20mg/5ml oral solution,29866111000001106
263811000001105,Fluoxetine 20mg/5ml oral solution,263811000001105
22014711000001107,Fluoxetine 20mg/5ml oral solution,22014711000001107
321954002,Fluoxetine 60mg capsules,321954002
9530611000001107,Fluoxetine 60mg capsules,9530611000001107
17219811000001108,Fluoxetine 60mg capsules,17219811000001108
29922611000001103,Fluoxetine 60mg capsules,29922611000001103
4572511000001107,Fluoxetine 60mg capsules,4572511000001107
19818411000001100,Fluoxetine 60mg capsules,19818411000001100
23587611000001100,Fluoxetine 60mg capsules,23587611000001100
23980011000001102,Fluoxetine 60mg capsules,23980011000001102
18475711000001104,Fluoxetine 60mg capsules,18475711000001104
7764411000001102,Fluoxetine 60mg capsules,7764411000001102
30132011000001109,Fluoxetine 60mg capsules,30132011000001109
38918011000001101,Fluoxetine 60mg capsules,38918011000001101
32938211000001108,Fluoxetine 60mg capsules,32938211000001108
35162011000001107,Fluoxetine 60mg capsules,35162011000001107
3962111000001101,Fluoxetine 60mg capsules,3962111000001101
17909711000001103,Fluoxetine 60mg capsules,17909711000001103
15088111000001101,Fluoxetine 60mg capsules,15088111000001101
14956411000001101,Fluoxetine 60mg capsules,14956411000001101
22014511000001102,Fluoxetine 60mg capsules,22014511000001102
8516511000001104,Fluoxetine 2.5mg/5ml oral solution,8516511000001104
8516611000001100,Fluoxetine 2.5mg/5ml oral suspension,8516611000001100
8483611000001103,Fluoxetine 2.5mg/5ml oral solution,8483611000001103
8484111000001108,Fluoxetine 2.5mg/5ml oral suspension,8484111000001108
11590211000001106,Fluoxetine 20mg/5ml oral solution sugar free,11590211000001106
34036311000001104,Fluoxetine 20mg/5ml oral solution sugar free,34036311000001104
18802911000001109,Fluoxetine 20mg/5ml oral solution sugar free,18802911000001109
32332211000001102,Fluoxetine 20mg/5ml oral solution sugar free,32332211000001102
37384511000001104,Fluoxetine 20mg/5ml oral solution sugar free,37384511000001104
26055211000001106,Fluoxetine 20mg/5ml oral solution sugar free,26055211000001106
31406111000001105,Fluoxetine 20mg/5ml oral solution sugar free,31406111000001105
38918411000001105,Fluoxetine 20mg/5ml oral solution sugar free,38918411000001105
24227311000001107,Fluoxetine 20mg/5ml oral solution sugar free,24227311000001107
15880011000001100,Fluoxetine 2mg/5ml oral solution,15880011000001100
15880111000001104,Fluoxetine 2mg/5ml oral suspension,15880111000001104
15862311000001100,Fluoxetine 2mg/5ml oral solution,15862311000001100
15863111000001108,Fluoxetine 2mg/5ml oral suspension,15863111000001108
24407811000001108,Fluoxetine 20mg dispersible tablets sugar free,24407811000001108
373959000,Fluoxetine 10mg capsules,373959000
33424811000001109,Fluoxetine 10mg capsules,33424811000001109
35850211000001104,Fluoxetine 10mg capsules,35850211000001104
32907711000001107,Fluoxetine 10mg capsules,32907711000001107
37381911000001108,Fluoxetine 10mg capsules,37381911000001108
37069211000001101,Fluoxetine 10mg capsules,37069211000001101
38916811000001106,Fluoxetine 10mg capsules,38916811000001106
32745811000001106,Fluoxetine 10mg capsules,32745811000001106
35989211000001105,Fluoxetine 10mg capsules,35989211000001105
32960811000001102,Fluoxetine 30mg capsules,32960811000001102
33425011000001104,Fluoxetine 30mg capsules,33425011000001104
33427811000001100,Fluoxetine 30mg capsules,33427811000001100
37384011000001107,Fluoxetine 30mg capsules,37384011000001107
37077011000001105,Fluoxetine 30mg capsules,37077011000001105
38917811000001108,Fluoxetine 30mg capsules,38917811000001108
32938711000001101,Fluoxetine 30mg capsules,32938711000001101
376803002,Fluoxetine 40mg capsules,376803002
33425211000001109,Fluoxetine 40mg capsules,33425211000001109
33428011000001107,Fluoxetine 40mg capsules,33428011000001107
37384211000001102,Fluoxetine 40mg capsules,37384211000001102
37077611000001103,Fluoxetine 40mg capsules,37077611000001103
32939011000001108,Fluoxetine 40mg capsules,32939011000001108
373965000,Fluoxetine 10mg tablets,373965000
34894211000001108,Fluoxetine 10mg tablets,34894211000001108
34905711000001108,Fluoxetine 10mg tablets,34905711000001108
37384811000001101,Fluoxetine 10mg tablets,37384811000001101
34732311000001100,Fluoxetine 10mg tablets,34732311000001100
38917011000001102,Fluoxetine 10mg tablets,38917011000001102
16676011000001103,Fluoxetine 10mg tablets,16676011000001103
36002911000001103,Fluoxetine 10mg/5ml oral suspension,36002911000001103
35989511000001108,Fluoxetine 10mg/5ml oral suspension,35989511000001108
573011000001101,Prozac 20mg capsules,573011000001101
695811000001109,Prozac 20mg/5ml liquid,695811000001109
142311000001103,Prozac 60mg capsules,142311000001103
456311000001103,Felicium 20mg capsules,456311000001103
689411000001109,Oxactin 20mg capsules,689411000001109
683911000001104,Ranflutin 20mg capsules,683911000001104
10065611000001109,Prozit 20mg/5ml oral solution,10065611000001109
11581211000001101,Prozep 20mg/5ml oral solution,11581211000001101
24397511000001101,Olena 20mg dispersible tablets,24397511000001101
321945000,Fluvoxamine 50mg tablets,321945000
895911000001106,Fluvoxamine 50mg tablets,895911000001106
530911000001107,Fluvoxamine 50mg tablets,530911000001107
634411000001101,Fluvoxamine 50mg tablets,634411000001101
10408611000001107,Fluvoxamine 50mg tablets,10408611000001107
23981211000001101,Fluvoxamine 50mg tablets,23981211000001101
156311000001102,Fluvoxamine 50mg tablets,156311000001102
410311000001105,Fluvoxamine 50mg tablets,410311000001105
30133111000001104,Fluvoxamine 50mg tablets,30133111000001104
15055011000001104,Fluvoxamine 50mg tablets,15055011000001104
242611000001105,Fluvoxamine 50mg tablets,242611000001105
13751611000001102,Fluvoxamine 50mg tablets,13751611000001102
22015711000001106,Fluvoxamine 50mg tablets,22015711000001106
154211000001100,Fluvoxamine 50mg tablets,154211000001100
321947008,Fluvoxamine 100mg tablets,321947008
544211000001105,Fluvoxamine 100mg tablets,544211000001105
767511000001108,Fluvoxamine 100mg tablets,767511000001108
658411000001109,Fluvoxamine 100mg tablets,658411000001109
10408911000001101,Fluvoxamine 100mg tablets,10408911000001101
23981011000001106,Fluvoxamine 100mg tablets,23981011000001106
630711000001101,Fluvoxamine 100mg tablets,630711000001101
813511000001102,Fluvoxamine 100mg tablets,813511000001102
30133311000001102,Fluvoxamine 100mg tablets,30133311000001102
15054811000001109,Fluvoxamine 100mg tablets,15054811000001109
387511000001107,Fluvoxamine 100mg tablets,387511000001107
26778111000001105,Fluvoxamine 100mg tablets,26778111000001105
22015911000001108,Fluvoxamine 100mg tablets,22015911000001108
529111000001101,Fluvoxamine 100mg tablets,529111000001101
8517111000001106,Fluvoxamine 50mg/5ml oral suspension,8517111000001106
8483011000001105,Fluvoxamine 50mg/5ml oral suspension,8483011000001105
542511000001103,Faverin 50mg tablets,542511000001103
595611000001101,Faverin 100mg tablets,595611000001101
321964006,Paroxetine 20mg tablets,321964006
570611000001104,Paroxetine 20mg tablets,570611000001104
4116911000001101,Paroxetine 20mg tablets,4116911000001101
115611000001107,Paroxetine 20mg tablets,115611000001107
11427211000001106,Paroxetine 20mg tablets,11427211000001106
13767011000001105,Paroxetine 20mg tablets,13767011000001105
34346311000001101,Paroxetine 20mg tablets,34346311000001101
30074311000001105,Paroxetine 20mg tablets,30074311000001105
9034711000001106,Paroxetine 20mg tablets,9034711000001106
31211000001109,Paroxetine 20mg tablets,31211000001109
485211000001109,Paroxetine 20mg tablets,485211000001109
21410111000001106,Paroxetine 20mg tablets,21410111000001106
19195811000001102,Paroxetine 20mg tablets,19195811000001102
21811000001107,Paroxetine 20mg tablets,21811000001107
9729511000001102,Paroxetine 20mg tablets,9729511000001102
16696911000001107,Paroxetine 20mg tablets,16696911000001107
17953511000001100,Paroxetine 20mg tablets,17953511000001100
13722411000001109,Paroxetine 20mg tablets,13722411000001109
7489711000001103,Paroxetine 20mg tablets,7489711000001103
15154911000001107,Paroxetine 20mg tablets,15154911000001107
7836711000001105,Paroxetine 20mg tablets,7836711000001105
7941011000001105,Paroxetine 20mg tablets,7941011000001105
35861411000001100,Paroxetine 20mg tablets,35861411000001100
21841411000001109,Paroxetine 20mg tablets,21841411000001109
321966008,Paroxetine 30mg tablets,321966008
7384811000001104,Paroxetine 30mg tablets,7384811000001104
6330111000001108,Paroxetine 30mg tablets,6330111000001108
7332211000001102,Paroxetine 30mg tablets,7332211000001102
11427011000001101,Paroxetine 30mg tablets,11427011000001101
13767211000001100,Paroxetine 30mg tablets,13767211000001100
36005511000001104,Paroxetine 30mg tablets,36005511000001104
30074511000001104,Paroxetine 30mg tablets,30074511000001104
7476911000001103,Paroxetine 30mg tablets,7476911000001103
21410311000001108,Paroxetine 30mg tablets,21410311000001108
19196111000001103,Paroxetine 30mg tablets,19196111000001103
8112711000001103,Paroxetine 30mg tablets,8112711000001103
9729711000001107,Paroxetine 30mg tablets,9729711000001107
16696711000001105,Paroxetine 30mg tablets,16696711000001105
17953711000001105,Paroxetine 30mg tablets,17953711000001105
11533011000001102,Paroxetine 30mg tablets,11533011000001102
15154711000001105,Paroxetine 30mg tablets,15154711000001105
9526211000001105,Paroxetine 30mg tablets,9526211000001105
21842211000001103,Paroxetine 30mg tablets,21842211000001103
7837611000001104,Paroxetine 30mg tablets,7837611000001104
13004611000001108,Paroxetine 20mg/5ml oral solution,13004611000001108
13004711000001104,Paroxetine 20mg/5ml oral suspension,13004711000001104
12983911000001103,Paroxetine 20mg/5ml oral solution,12983911000001103
12983611000001109,Paroxetine 20mg/5ml oral suspension,12983611000001109
13004811000001107,Paroxetine 30mg/5ml oral solution,13004811000001107
13004911000001102,Paroxetine 30mg/5ml oral suspension,13004911000001102
12985011000001101,Paroxetine 30mg/5ml oral solution,12985011000001101
12984411000001109,Paroxetine 30mg/5ml oral suspension,12984411000001109
13004411000001105,Paroxetine 10mg/5ml oral solution,13004411000001105
13004511000001109,Paroxetine 10mg/5ml oral suspension,13004511000001109
12983011000001102,Paroxetine 10mg/5ml oral solution,12983011000001102
12982111000001107,Paroxetine 10mg/5ml oral suspension,12982111000001107
36565911000001109,Paroxetine 10mg/5ml oral suspension sugar free,36565911000001109
421041006,Paroxetine 10mg tablets,421041006
21548411000001103,Paroxetine 10mg tablets,21548411000001103
21541611000001108,Paroxetine 10mg tablets,21541611000001108
22247311000001102,Paroxetine 10mg tablets,22247311000001102
35429511000001104,Paroxetine 10mg tablets,35429511000001104
30074111000001108,Paroxetine 10mg tablets,30074111000001108
30855811000001101,Paroxetine 10mg tablets,30855811000001101
35851411000001109,Paroxetine 10mg tablets,35851411000001109
33471411000001106,Paroxetine 10mg tablets,33471411000001106
29982911000001101,Paroxetine 10mg tablets,29982911000001101
33387311000001107,Paroxetine 10mg tablets,33387311000001107
34581311000001101,Paroxetine 10mg tablets,34581311000001101
422084009,Paroxetine 40mg tablets,422084009
35031511000001106,Paroxetine 40mg tablets,35031511000001106
34575911000001105,Paroxetine 40mg tablets,34575911000001105
33181811000001102,Paroxetine 40mg tablets,33181811000001102
37772211000001101,Paroxetine 40mg tablets,37772211000001101
37125911000001107,Paroxetine 40mg tablets,37125911000001107
33470811000001100,Paroxetine 40mg tablets,33470811000001100
33563711000001101,Paroxetine 40mg tablets,33563711000001101
477511000001109,Seroxat 20mg tablets,477511000001109
738111000001107,Seroxat 30mg tablets,738111000001107
16811000001109,Seroxat 20mg/10ml liquid,16811000001109
11270611000001109,Seroxat 10mg tablets,11270611000001109
321959007,Sertraline 50mg tablets,321959007
9751311000001105,Sertraline 50mg tablets,9751311000001105
20169711000001108,Sertraline 50mg tablets,20169711000001108
9744911000001106,Sertraline 50mg tablets,9744911000001106
9840111000001101,Sertraline 50mg tablets,9840111000001101
11408711000001107,Sertraline 50mg tablets,11408711000001107
13770511000001106,Sertraline 50mg tablets,13770511000001106
10437511000001104,Sertraline 50mg tablets,10437511000001104
16066211000001106,Sertraline 50mg tablets,16066211000001106
14130111000001105,Sertraline 50mg tablets,14130111000001105
28988111000001103,Sertraline 50mg tablets,28988111000001103
30095811000001109,Sertraline 50mg tablets,30095811000001109
11011711000001109,Sertraline 50mg tablets,11011711000001109
10296311000001103,Sertraline 50mg tablets,10296311000001103
33654711000001102,Sertraline 50mg tablets,33654711000001102
9841411000001102,Sertraline 50mg tablets,9841411000001102
9764711000001103,Sertraline 50mg tablets,9764711000001103
27700611000001108,Sertraline 50mg tablets,27700611000001108
37139311000001105,Sertraline 50mg tablets,37139311000001105
19734711000001107,Sertraline 50mg tablets,19734711000001107
19197011000001101,Sertraline 50mg tablets,19197011000001101
9842711000001101,Sertraline 50mg tablets,9842711000001101
10442311000001107,Sertraline 50mg tablets,10442311000001107
36699611000001107,Sertraline 50mg tablets,36699611000001107
9738411000001106,Sertraline 50mg tablets,9738411000001106
17928011000001100,Sertraline 50mg tablets,17928011000001100
10567211000001102,Sertraline 50mg tablets,10567211000001102
10295311000001108,Sertraline 50mg tablets,10295311000001108
36619311000001103,Sertraline 50mg tablets,36619311000001103
9774711000001105,Sertraline 50mg tablets,9774711000001105
15187911000001107,Sertraline 50mg tablets,15187911000001107
9746011000001102,Sertraline 50mg tablets,9746011000001102
13762511000001100,Sertraline 50mg tablets,13762511000001100
21896011000001101,Sertraline 50mg tablets,21896011000001101
9779311000001107,Sertraline 50mg tablets,9779311000001107
9751711000001109,Sertraline 50mg tablets,9751711000001109
321960002,Sertraline 100mg tablets,321960002
9751511000001104,Sertraline 100mg tablets,9751511000001104
20169911000001105,Sertraline 100mg tablets,20169911000001105
9745111000001107,Sertraline 100mg tablets,9745111000001107
9840311000001104,Sertraline 100mg tablets,9840311000001104
11409011000001100,Sertraline 100mg tablets,11409011000001100
13770311000001100,Sertraline 100mg tablets,13770311000001100
10438111000001109,Sertraline 100mg tablets,10438111000001109
16066511000001109,Sertraline 100mg tablets,16066511000001109
14130511000001101,Sertraline 100mg tablets,14130511000001101
28988311000001101,Sertraline 100mg tablets,28988311000001101
30096011000001107,Sertraline 100mg tablets,30096011000001107
11011511000001104,Sertraline 100mg tablets,11011511000001104
10296111000001100,Sertraline 100mg tablets,10296111000001100
33654511000001107,Sertraline 100mg tablets,33654511000001107
9841611000001104,Sertraline 100mg tablets,9841611000001104
9764911000001101,Sertraline 100mg tablets,9764911000001101
27701711000001107,Sertraline 100mg tablets,27701711000001107
37139711000001109,Sertraline 100mg tablets,37139711000001109
19734911000001109,Sertraline 100mg tablets,19734911000001109
19197211000001106,Sertraline 100mg tablets,19197211000001106
9842911000001104,Sertraline 100mg tablets,9842911000001104
10442611000001102,Sertraline 100mg tablets,10442611000001102
36699811000001106,Sertraline 100mg tablets,36699811000001106
9738611000001109,Sertraline 100mg tablets,9738611000001109
17928211000001105,Sertraline 100mg tablets,17928211000001105
10567411000001103,Sertraline 100mg tablets,10567411000001103
10294911000001105,Sertraline 100mg tablets,10294911000001105
36619111000001100,Sertraline 100mg tablets,36619111000001100
9775011000001107,Sertraline 100mg tablets,9775011000001107
15211411000001106,Sertraline 100mg tablets,15211411000001106
9746211000001107,Sertraline 100mg tablets,9746211000001107
13762711000001105,Sertraline 100mg tablets,13762711000001105
21896311000001103,Sertraline 100mg tablets,21896311000001103
9781211000001105,Sertraline 100mg tablets,9781211000001105
9751911000001106,Sertraline 100mg tablets,9751911000001106
13045611000001104,Sertraline 12.5mg/5ml oral suspension,13045611000001104
13030011000001104,Sertraline 12.5mg/5ml oral suspension,13030011000001104
13045711000001108,Sertraline 150mg/5ml oral suspension,13045711000001108
13030411000001108,Sertraline 150mg/5ml oral suspension,13030411000001108
13045811000001100,Sertraline 20mg/5ml oral suspension,13045811000001100
13030711000001102,Sertraline 20mg/5ml oral suspension,13030711000001102
8721811000001102,Sertraline 10mg/5ml oral suspension,8721811000001102
8696411000001107,Sertraline 10mg/5ml oral suspension,8696411000001107
8721911000001107,Sertraline 50mg/5ml oral suspension,8721911000001107
8696711000001101,Sertraline 50mg/5ml oral suspension,8696711000001101
8721711000001105,Sertraline 100mg/5ml oral suspension,8721711000001105
8696111000001102,Sertraline 100mg/5ml oral suspension,8696111000001102
32750711000001105,Sertraline 15mg/5ml oral suspension,32750711000001105
32727211000001100,Sertraline 15mg/5ml oral suspension,32727211000001100
34684211000001100,Sertraline 5mg/5ml oral suspension,34684211000001100
34673611000001108,Sertraline 5mg/5ml oral suspension,34673611000001108
35575611000001108,Sertraline 75mg/5ml oral suspension,35575611000001108
35547611000001102,Sertraline 75mg/5ml oral suspension,35547611000001102
36003611000001104,Sertraline 50mg/5ml oral solution,36003611000001104
35993411000001108,Sertraline 50mg/5ml oral solution,35993411000001108
36003511000001103,Sertraline 25mg/5ml oral solution,36003511000001103
35993811000001105,Sertraline 25mg/5ml oral solution,35993811000001105
13045911000001105,Sertraline 25mg/5ml oral suspension,13045911000001105
13031011000001108,Sertraline 25mg/5ml oral suspension,13031011000001108
36905311000001101,Sertraline 12.5mg tablets,36905311000001101
36874911000001103,Sertraline 12.5mg tablets,36874911000001103
936411000001108,Lustral 50mg tablets,936411000001108
687611000001102,Lustral 100mg tablets,687611000001102
407915000,Escitalopram 10mg tablets,407915000
24620411000001102,Escitalopram 10mg tablets,24620411000001102
34934011000001102,Escitalopram 10mg tablets,34934011000001102
24604411000001103,Escitalopram 10mg tablets,24604411000001103
24600211000001105,Escitalopram 10mg tablets,24600211000001105
32496611000001100,Escitalopram 10mg tablets,32496611000001100
35923211000001101,Escitalopram 10mg tablets,35923211000001101
30054011000001109,Escitalopram 10mg tablets,30054011000001109
32406211000001100,Escitalopram 10mg tablets,32406211000001100
29671611000001109,Escitalopram 10mg tablets,29671611000001109
30126011000001105,Escitalopram 10mg tablets,30126011000001105
38890611000001104,Escitalopram 10mg tablets,38890611000001104
35160211000001103,Escitalopram 10mg tablets,35160211000001103
33594411000001108,Escitalopram 10mg tablets,33594411000001108
29856811000001106,Escitalopram 10mg tablets,29856811000001106
24599011000001102,Escitalopram 10mg tablets,24599011000001102
36829911000001101,Escitalopram 10mg tablets,36829911000001101
408067001,Escitalopram 20mg tablets,408067001
24620611000001104,Escitalopram 20mg tablets,24620611000001104
34933811000001105,Escitalopram 20mg tablets,34933811000001105
24604611000001100,Escitalopram 20mg tablets,24604611000001100
24601911000001108,Escitalopram 20mg tablets,24601911000001108
32489411000001109,Escitalopram 20mg tablets,32489411000001109
35923411000001102,Escitalopram 20mg tablets,35923411000001102
30054211000001104,Escitalopram 20mg tablets,30054211000001104
29671811000001108,Escitalopram 20mg tablets,29671811000001108
30126211000001100,Escitalopram 20mg tablets,30126211000001100
38890811000001100,Escitalopram 20mg tablets,38890811000001100
35160411000001104,Escitalopram 20mg tablets,35160411000001104
33594211000001109,Escitalopram 20mg tablets,33594211000001109
29857011000001102,Escitalopram 20mg tablets,29857011000001102
24599211000001107,Escitalopram 20mg tablets,24599211000001107
36830111000001107,Escitalopram 20mg tablets,36830111000001107
409150001,Escitalopram 5mg tablets,409150001
24620211000001101,Escitalopram 5mg tablets,24620211000001101
34934411000001106,Escitalopram 5mg tablets,34934411000001106
24604211000001102,Escitalopram 5mg tablets,24604211000001102
24600011000001100,Escitalopram 5mg tablets,24600011000001100
35923011000001106,Escitalopram 5mg tablets,35923011000001106
30053811000001101,Escitalopram 5mg tablets,30053811000001101
29671411000001106,Escitalopram 5mg tablets,29671411000001106
30122211000001101,Escitalopram 5mg tablets,30122211000001101
38891011000001102,Escitalopram 5mg tablets,38891011000001102
33595111000001104,Escitalopram 5mg tablets,33595111000001104
29857211000001107,Escitalopram 5mg tablets,29857211000001107
24598811000001101,Escitalopram 5mg tablets,24598811000001101
36829711000001103,Escitalopram 5mg tablets,36829711000001103
25557111000001108,Escitalopram 5mg tablets,25557111000001108
10364811000001108,Escitalopram 10mg/ml oral drops sugar free,10364811000001108
15499311000001103,Escitalopram 20mg/ml oral drops sugar free,15499311000001103
3388511000001100,Cipralex 10mg tablets,3388511000001100
4942511000001102,Cipralex 20mg tablets,4942511000001102
7331811000001105,Cipralex 5mg tablets,7331811000001105
10364011000001102,Cipralex 10mg/ml oral drops,10364011000001102
15453311000001105,Cipralex 20mg/ml oral drops,15453311000001105
321994000,Citalopram 40mg/ml oral drops sugar free,321994000
15262111000001107,Citalopram 40mg/ml oral drops sugar free,15262111000001107
16741611000001107,Citalopram 40mg/ml oral drops sugar free,16741611000001107
17664211000001106,Citalopram 40mg/ml oral drops sugar free,17664211000001106
15247311000001101,Citalopram 40mg/ml oral drops sugar free,15247311000001101
17964911000001101,Citalopram 40mg/ml oral drops sugar free,17964911000001101
30137211000001101,Citalopram 40mg/ml oral drops sugar free,30137211000001101
38836611000001109,Citalopram 40mg/ml oral drops sugar free,38836611000001109
18100511000001109,Citalopram 40mg/ml oral drops sugar free,18100511000001109
16421711000001105,Citalopram 40mg/ml oral drops sugar free,16421711000001105
29788911000001108,Citalopram 40mg/ml oral drops sugar free,29788911000001108
15067911000001101,Citalopram 40mg/ml oral drops sugar free,15067911000001101
37591611000001104,Citalopram 40mg/ml oral drops sugar free,37591611000001104
21853511000001109,Citalopram 40mg/ml oral drops sugar free,21853511000001109
1211000001102,Cipramil 40mg/ml drops,1211000001102
321968009,VMP previous to 36565911000001109,321968009
3404611000001102,VMP previous to 407915000,3404611000001102
4956911000001105,VMP previous to 408067001,4956911000001105
7335411000001106,VMP previous to 409150001,7335411000001106
39701911000001102,VMP subsequent to 421041006,39701911000001102
39704011000001103,VMP subsequent to 321960002,39704011000001103
39704111000001102,VMP subsequent to 321959007,39704111000001102
42269311000001100,VMP subsequent to 321989000,42269311000001100
42269411000001107,VMP subsequent to 321987003,42269411000001107
42269511000001106,VMP subsequent to 321991008,42269511000001106
42269611000001105,VMP subsequent to 321994000,42269611000001105
42271211000001104,VMP subsequent to 407915000,42271211000001104
42271311000001107,VMP subsequent to 408067001,42271311000001107
42271411000001100,VMP subsequent to 409150001,42271411000001100
42271511000001101,VMP subsequent to 373959000,42271511000001101
42271611000001102,VMP subsequent to 373965000,42271611000001102
42271711000001106,VMP subsequent to 321949006,42271711000001106
42271811000001103,VMP subsequent to 321951005,42271811000001103
42271911000001108,VMP subsequent to 376803002,42271911000001108
42272011000001101,VMP subsequent to 321954002,42272011000001101
42272411000001105,VMP subsequent to 321947008,42272411000001105
42272511000001109,VMP subsequent to 321945000,42272511000001109
42276511000001105,VMP subsequent to 321964006,42276511000001105
42276611000001109,VMP subsequent to 321966008,42276611000001109
42276711000001100,VMP subsequent to 422084009,42276711000001100
